Time,Value
0,(0.0000, 0.0000, 0.0000)
0.001,(1.4759, -1.2980, 2.7758)
0.002,(1.4759, -1.2980, 2.7758)
0.003,(1.4759, -1.2980, 2.7758)
0.004,(1.4759, -1.2980, 2.7758)
0.005,(1.4093, -1.3543, 2.6505)
0.006,(1.4093, -1.3543, 2.6505)
0.007,(1.4093, -1.3543, 2.6505)
0.008,(1.2638, -1.4106, 2.3768)
0.009000001,(1.4858, -1.2156, 2.7944)
0.01,(1.4858, -1.2156, 2.7944)
0.011,(1.5889, -1.3286, 2.9883)
0.012,(1.4435, -1.3849, 2.7147)
0.013,(1.4677, -1.4978, 2.7603)
0.014,(1.4389, -1.1074, 2.7062)
0.015,(1.4417, -1.2249, 2.7114)
0.016,(1.5570, -1.3942, 2.9283)
0.017,(1.6457, -1.3122, 3.0952)
0.018,(1.5245, -1.4812, 2.8672)
0.019,(1.4226, -1.5449, 2.6755)
0.02,(1.2870, -1.5189, 2.4205)
0.021,(1.1369, -1.2981, 2.1383)
0.022,(1.4576, -1.1368, 2.7414)
0.023,(1.1887, -1.2235, 2.2356)
0.024,(1.4233, -1.0639, 2.6768)
0.025,(1.2452, -1.2070, 2.3419)
0.026,(1.4593, -1.1613, 2.7445)
0.027,(1.5033, -1.1097, 2.8274)
0.028,(1.3675, -1.2902, 2.5718)
0.029,(1.1729, -1.0998, 2.2060)
0.03,(1.4392, -1.4770, 2.7067)
0.031,(1.2567, -1.3430, 2.3635)
0.032,(1.4871, -1.4412, 2.7969)
0.033,(1.4292, -1.1456, 2.6879)
0.034,(1.5299, -1.3561, 2.8774)
0.035,(1.3030, -1.2019, 2.4505)
0.036,(1.3391, -1.2995, 2.5185)
0.037,(1.4304, -1.1743, 2.6902)
0.038,(1.3527, -1.1907, 2.5441)
0.039,(1.4357, -1.2359, 2.7001)
0.04,(1.4132, -1.0297, 2.6578)
0.041,(1.3761, -1.0075, 2.5880)
0.042,(1.4286, -1.4349, 2.6868)
0.043,(1.2811, -1.2891, 2.4094)
0.044,(1.3797, -1.0873, 2.5948)
0.045,(1.4903, -1.3209, 2.8028)
0.046,(1.3732, -1.2639, 2.5825)
0.047,(1.4488, -1.4164, 2.7248)
0.048,(1.4832, -1.5015, 2.7895)
0.049,(1.4405, -1.1096, 2.7092)
0.05,(1.3878, -1.3651, 2.6101)
0.051,(1.4690, -1.3979, 2.7629)
0.052,(1.3547, -1.3209, 2.5479)
0.053,(1.4799, -1.2726, 2.7833)
0.054,(1.3826, -1.1116, 2.6004)
0.055,(1.5372, -1.3434, 2.8910)
0.056,(1.4741, -1.8576, 2.7723)
0.057,(1.4882, -1.3995, 2.7988)
0.058,(1.3225, -1.9397, 2.4873)
0.059,(1.2904, -1.9002, 2.4269)
0.06,(1.4570, -1.9988, 2.7402)
0.061,(1.3113, -1.8777, 2.4663)
0.062,(1.3367, -1.2858, 2.5140)
0.063,(1.2364, -1.7686, 2.3254)
0.064,(1.1753, -1.7046, 2.2103)
0.06500001,(1.4073, -1.7455, 2.6467)
0.066,(1.5226, -1.8553, 2.8635)
0.067,(1.3091, -0.8860, 2.4621)
0.068,(1.4713, -2.0161, 2.7671)
0.06900001,(1.2479, -1.5472, 2.3469)
0.07,(1.2868, -1.6840, 2.4201)
0.071,(1.4709, -0.7508, 2.7664)
0.072,(1.3162, -2.2198, 2.4754)
0.07300001,(1.4489, -1.7178, 2.7251)
0.074,(1.3029, -1.4257, 2.4504)
0.075,(1.4236, -1.1035, 2.6774)
0.07600001,(1.2691, -1.1104, 2.3869)
0.07700001,(1.7421, -0.8883, 3.2763)
0.078,(1.2098, -1.7962, 2.2753)
0.079,(1.4205, -1.1137, 2.6715)
0.08000001,(1.3319, -1.1523, 2.5049)
0.081,(1.4016, -1.3414, 2.6361)
0.082,(1.1825, -1.6317, 2.2240)
0.083,(1.2771, -1.0273, 2.4018)
0.08400001,(1.4782, -1.2106, 2.7801)
0.085,(1.2062, -1.1504, 2.2685)
0.086,(1.6575, -1.4349, 3.1174)
0.087,(1.3873, -0.9836, 2.6091)
0.08800001,(1.3390, -0.9938, 2.5183)
0.089,(1.4246, -1.4338, 2.6794)
0.09,(1.4575, -1.7681, 2.7412)
0.09100001,(1.5252, -1.6262, 2.8685)
0.09200001,(1.5566, -0.7408, 2.9275)
0.093,(1.4839, -0.9722, 2.7908)
0.094,(1.1903, -1.2435, 2.2387)
0.09500001,(1.3806, -1.2511, 2.5965)
0.096,(1.4394, -1.6187, 2.7071)
0.097,(1.3024, -1.3902, 2.4494)
0.098,(1.4404, -1.3997, 2.7091)
0.09900001,(1.3821, -1.7382, 2.5993)
0.1,(1.2018, -0.8530, 2.2602)
0.101,(1.4346, -1.2679, 2.6981)
0.102,(1.6129, -1.2453, 3.0334)
0.103,(1.1882, -1.5907, 2.2347)
0.104,(1.6033, -1.9243, 3.0153)
0.105,(1.2551, -1.1972, 2.3605)
0.106,(1.5899, -0.8486, 2.9902)
0.107,(1.3253, -1.3415, 2.4926)
0.108,(1.5027, -1.6769, 2.8261)
0.109,(1.6968, -1.5203, 3.1913)
0.11,(1.3241, -2.1502, 2.4903)
0.111,(1.3865, -1.3157, 2.6077)
0.112,(1.5407, -2.2668, 2.8977)
0.113,(1.2888, -1.7920, 2.4239)
0.114,(1.5317, -1.3865, 2.8807)
0.115,(1.3326, -1.7324, 2.5062)
0.116,(1.3942, -1.0801, 2.6221)
0.117,(1.4309, -1.4605, 2.6911)
0.118,(1.4132, -1.3448, 2.6579)
0.119,(1.3754, -1.8331, 2.5867)
0.12,(1.6079, -1.2526, 3.0240)
0.121,(1.4096, -1.3938, 2.6510)
0.122,(1.2631, -1.5366, 2.3756)
0.123,(1.2337, -1.5654, 2.3202)
0.124,(1.2841, -1.4484, 2.4151)
0.125,(1.4497, -0.5098, 2.7265)
0.126,(1.7676, -1.8700, 3.3243)
0.127,(1.5843, -1.8995, 2.9796)
0.128,(1.2900, -1.3371, 2.4261)
0.129,(1.2643, -1.1898, 2.3779)
0.13,(1.5796, -1.6861, 2.9709)
0.131,(1.5753, -0.5350, 2.9627)
0.132,(1.2078, -1.2197, 2.2715)
0.133,(1.4596, -1.4089, 2.7451)
0.134,(1.4327, -1.6221, 2.6945)
0.135,(1.3931, -1.3064, 2.6200)
0.136,(1.1836, -1.6060, 2.2261)
0.137,(1.3266, -0.9960, 2.4950)
0.138,(1.5497, -0.9311, 2.9146)
0.139,(1.4071, -1.0447, 2.6463)
0.14,(1.5894, -1.2668, 2.9892)
0.141,(1.2909, -1.0320, 2.4278)
0.142,(1.2566, -1.7656, 2.3633)
0.143,(1.3097, -1.6752, 2.4631)
0.144,(1.3743, -1.4331, 2.5847)
0.145,(1.4112, -0.5800, 2.6540)
0.146,(1.1841, -2.2581, 2.2270)
0.147,(1.5905, -1.5823, 2.9914)
0.148,(1.2282, -1.7867, 2.3099)
0.149,(1.5480, -0.5786, 2.9113)
0.15,(1.2485, -2.0777, 2.3482)
0.151,(1.2731, -0.8552, 2.3943)
0.152,(0.9850, -1.4140, 1.8525)
0.153,(1.3788, -0.5255, 2.5932)
0.154,(1.5071, -1.5392, 2.8344)
0.155,(1.5843, -1.2843, 2.9797)
0.156,(1.3704, -1.1860, 2.5773)
0.157,(1.2870, -2.2588, 2.4205)
0.158,(1.4871, -1.4345, 2.7969)
0.159,(1.5284, -1.1807, 2.8744)
0.16,(1.3684, -1.7903, 2.5736)
0.161,(1.5156, -1.4399, 2.8504)
0.162,(1.3556, -1.5496, 2.5494)
0.163,(1.6064, -1.4432, 3.0211)
0.164,(1.5171, -1.1978, 2.8533)
0.165,(1.2426, -1.1364, 2.3370)
0.166,(1.4266, -1.6449, 2.6831)
0.167,(1.3883, -1.2296, 2.6110)
0.168,(1.6774, -2.5519, 3.1547)
0.169,(1.2929, -1.5320, 2.4316)
0.17,(1.3680, -1.7852, 2.5729)
0.171,(1.3792, -1.1915, 2.5939)
0.172,(1.3774, -1.4651, 2.5906)
0.173,(1.4962, -1.2269, 2.8139)
0.174,(1.5882, -0.5038, 2.9870)
0.175,(1.6093, -1.1418, 3.0267)
0.176,(1.1133, -1.5181, 2.0939)
0.177,(1.3906, -1.2912, 2.6153)
0.178,(1.4343, -1.1400, 2.6975)
0.179,(1.5540, -0.9771, 2.9226)
0.18,(1.4674, -1.3609, 2.7597)
0.181,(1.2201, -0.9458, 2.2948)
0.182,(1.4818, -1.9486, 2.7869)
0.183,(1.4417, -1.3660, 2.7115)
0.184,(1.5719, -1.6266, 2.9562)
0.185,(1.4722, -1.1730, 2.7688)
0.186,(1.3942, -1.7216, 2.6221)
0.187,(1.5162, -1.5552, 2.8516)
0.188,(1.4223, -1.1014, 2.6750)
0.189,(1.3361, -0.7924, 2.5128)
0.19,(1.5147, -1.5140, 2.8487)
0.191,(1.3686, -0.6835, 2.5739)
0.192,(1.3397, -1.2742, 2.5196)
0.193,(1.2320, -2.0152, 2.3171)
0.194,(1.2976, -1.1865, 2.4405)
0.195,(1.4939, -1.5817, 2.8096)
0.196,(1.4846, -1.4780, 2.7922)
0.197,(1.3764, -2.0462, 2.5886)
0.198,(1.5301, -1.5665, 2.8777)
0.199,(1.4326, -1.1299, 2.6944)
0.2,(1.2401, -1.1418, 2.3323)
0.201,(1.3834, -0.5230, 2.6018)
0.202,(1.5142, -1.1341, 2.8478)
0.203,(1.5787, -0.8802, 2.9691)
0.204,(1.5422, -1.0381, 2.9004)
0.205,(1.4666, -2.0099, 2.7583)
0.206,(1.4041, -1.5217, 2.6408)
0.207,(1.2055, -1.5432, 2.2672)
0.208,(1.3835, -2.0529, 2.6020)
0.209,(1.4981, -1.5297, 2.8176)
0.21,(1.2766, -0.4825, 2.4009)
0.211,(1.4000, -1.0578, 2.6330)
0.212,(1.5579, -1.7694, 2.9300)
0.213,(1.5647, -0.8261, 2.9428)
0.214,(1.4798, -1.1109, 2.7831)
0.215,(1.3910, -1.7597, 2.6162)
0.216,(1.4877, -1.7992, 2.7979)
0.217,(1.6620, -1.4580, 3.1257)
0.218,(1.1200, -1.0853, 2.1064)
0.219,(1.4576, -1.3186, 2.7413)
0.22,(1.5254, -1.3966, 2.8689)
0.221,(1.2614, -1.4976, 2.3723)
0.222,(1.5326, -0.3794, 2.8824)
0.223,(1.3490, -1.6489, 2.5371)
0.224,(1.2553, -1.6113, 2.3610)
0.225,(1.5522, -0.8647, 2.9193)
0.226,(1.6030, -1.5195, 3.0147)
0.227,(1.6512, -2.1101, 3.1055)
0.228,(1.8428, -1.8693, 3.4657)
0.229,(1.4615, -1.3808, 2.7487)
0.23,(1.3871, -1.3639, 2.6088)
0.231,(1.5272, -1.3791, 2.8722)
0.232,(1.5516, -1.9605, 2.9181)
0.233,(1.5082, -1.0269, 2.8366)
0.234,(1.5678, -0.9932, 2.9486)
0.235,(1.3812, -1.4645, 2.5976)
0.236,(1.4121, -0.9073, 2.6557)
0.237,(1.6578, -1.9805, 3.1180)
0.238,(1.2868, -0.6907, 2.4201)
0.239,(1.2826, -0.8865, 2.4122)
0.24,(1.2760, -1.0881, 2.3998)
0.241,(1.5234, -0.4738, 2.8651)
0.242,(1.5218, -1.5807, 2.8620)
0.243,(1.2782, -1.2840, 2.4039)
0.244,(1.2377, -1.2343, 2.3278)
0.245,(1.6757, -1.2749, 3.1516)
0.246,(1.3181, -0.7018, 2.4790)
0.247,(1.1427, -0.9480, 2.1491)
0.248,(1.2896, -0.4632, 2.4253)
0.249,(1.4383, -1.0464, 2.7051)
0.25,(1.3923, -1.5558, 2.6185)
0.251,(1.2737, -1.0335, 2.3954)
0.252,(1.4429, -1.3478, 2.7137)
0.253,(1.3546, -2.0157, 2.5477)
0.254,(1.2535, -0.3144, 2.3575)
0.255,(1.1613, -1.3023, 2.1842)
0.256,(1.1590, -0.5244, 2.1797)
0.257,(1.3175, -1.4804, 2.4779)
0.258,(1.2964, -1.5936, 2.4381)
0.259,(1.3982, -1.8141, 2.6297)
0.26,(1.4460, -0.8738, 2.7196)
0.261,(1.5390, -1.8698, 2.8945)
0.262,(1.5228, -1.2949, 2.8640)
0.263,(1.4201, -1.4783, 2.6709)
0.264,(1.7613, -1.1680, 3.3126)
0.265,(1.5987, -1.1464, 3.0066)
0.266,(1.4389, -0.9396, 2.7061)
0.267,(1.2963, -1.0025, 2.4379)
0.268,(1.5491, -0.7850, 2.9134)
0.269,(1.4445, -1.0177, 2.7166)
0.27,(1.2638, -0.3386, 2.3768)
0.271,(1.5165, -1.0159, 2.8521)
0.272,(1.4044, -1.1034, 2.6413)
0.273,(1.3496, -1.3863, 2.5383)
0.274,(1.4509, -1.8466, 2.7287)
0.275,(1.3000, -1.6226, 2.4449)
0.276,(1.1619, -1.5635, 2.1853)
0.277,(1.1465, -1.2515, 2.1562)
0.278,(1.4764, -1.2970, 2.7767)
0.279,(1.4270, -0.3258, 2.6837)
0.28,(1.4117, -1.0877, 2.6550)
0.281,(1.4433, -1.5278, 2.7145)
0.282,(1.2248, -1.8817, 2.3036)
0.283,(1.2362, -0.8165, 2.3250)
0.284,(1.3479, -0.8854, 2.5350)
0.285,(1.4099, -0.5962, 2.6516)
0.286,(1.3870, -0.9959, 2.6085)
0.287,(1.2236, -1.3778, 2.3012)
0.288,(1.6525, -1.2137, 3.1078)
0.289,(1.3719, -0.9285, 2.5803)
0.29,(1.5275, -1.3707, 2.8728)
0.291,(1.4642, -1.2081, 2.7537)
0.292,(1.5736, -1.0494, 2.9595)
0.293,(1.2344, -1.4617, 2.3215)
0.294,(1.3067, -1.3302, 2.4576)
0.295,(1.3095, -1.1171, 2.4628)
0.296,(1.4916, -1.3568, 2.8053)
0.297,(1.3629, -1.3927, 2.5632)
0.298,(1.4013, -1.6865, 2.6355)
0.299,(1.7553, -0.8600, 3.3012)
0.3,(1.4622, -0.9174, 2.7500)
0.301,(1.5874, -1.3598, 2.9854)
0.302,(1.6050, -1.1017, 3.0185)
0.303,(1.4622, -0.5529, 2.7501)
0.304,(1.6550, -0.8571, 3.1126)
0.305,(1.2265, -1.9241, 2.3068)
0.306,(1.4033, -1.3231, 2.6392)
0.307,(1.3716, -0.3859, 2.5795)
0.308,(1.6437, -1.9310, 3.0913)
0.309,(1.4317, -1.2824, 2.6927)
0.31,(1.2489, -1.3234, 2.3488)
0.311,(1.4185, -0.9918, 2.6677)
0.312,(1.5706, -1.6391, 2.9539)
0.313,(1.3989, -1.1277, 2.6309)
0.314,(1.3568, -0.2250, 2.5518)
0.315,(1.4181, -0.9933, 2.6670)
0.316,(1.4683, -0.9064, 2.7614)
0.317,(1.2499, -1.0686, 2.3508)
0.318,(1.3008, -1.7738, 2.4465)
0.319,(1.3576, -1.1024, 2.5532)
0.32,(1.1726, -1.2883, 2.2053)
0.321,(1.5628, -0.9993, 2.9391)
0.322,(1.4006, -0.7087, 2.6341)
0.323,(1.2948, -1.3663, 2.4352)
0.324,(1.6695, -0.7898, 3.1399)
0.325,(1.3829, -0.9881, 2.6009)
0.326,(1.6259, -1.3029, 3.0579)
0.327,(1.5220, -0.8735, 2.8624)
0.328,(1.2462, -0.8665, 2.3437)
0.329,(1.6764, -1.0443, 3.1529)
0.33,(1.3372, -0.7531, 2.5149)
0.331,(1.5225, -0.9203, 2.8634)
0.332,(1.4153, -1.2539, 2.6618)
0.333,(1.5658, -1.5626, 2.9448)
0.334,(1.4685, -1.3439, 2.7618)
0.335,(1.5909, -0.9041, 2.9920)
0.336,(1.4442, -1.0769, 2.7162)
0.337,(1.2690, -0.9922, 2.3867)
0.338,(1.5170, -0.9800, 2.8530)
0.339,(1.5172, -0.9677, 2.8534)
0.34,(1.2701, -1.1900, 2.3887)
0.341,(1.4034, -0.7065, 2.6393)
0.342,(1.4696, -1.3909, 2.7640)
0.343,(1.4603, -1.1740, 2.7463)
0.344,(1.1784, 0.0473, 2.2163)
0.345,(1.4521, -1.2190, 2.7310)
0.346,(1.2434, -1.0702, 2.3386)
0.347,(1.4981, -1.4423, 2.8176)
0.348,(1.4521, -1.8634, 2.7310)
0.349,(1.6678, -1.3500, 3.1366)
0.35,(1.4944, -1.3271, 2.8106)
0.351,(1.5592, -1.3466, 2.9325)
0.352,(1.3649, -0.4520, 2.5669)
0.353,(1.4681, -0.6524, 2.7610)
0.354,(1.2333, -0.5465, 2.3196)
0.355,(1.6186, -1.3152, 3.0441)
0.356,(1.5518, -1.3700, 2.9186)
0.357,(1.4370, -1.1038, 2.7025)
0.358,(1.3784, -1.1452, 2.5923)
0.359,(1.3754, -1.0370, 2.5867)
0.36,(1.5523, -1.1654, 2.9194)
0.361,(1.4175, -1.1431, 2.6660)
0.362,(1.4641, -0.7962, 2.7536)
0.363,(1.8281, -2.0407, 3.4381)
0.364,(1.5191, -1.5530, 2.8570)
0.365,(1.2575, -1.3700, 2.3650)
0.366,(1.3548, -1.3682, 2.5481)
0.367,(1.3355, -1.5398, 2.5118)
0.368,(1.5837, -1.3823, 2.9785)
0.369,(1.4319, -1.6494, 2.6930)
0.37,(1.4170, -0.6381, 2.6650)
0.371,(1.4915, -0.2334, 2.8050)
0.372,(1.2708, -0.7248, 2.3901)
0.373,(1.6425, -1.6067, 3.0891)
0.374,(1.4591, -0.9044, 2.7442)
0.375,(1.4179, -1.1052, 2.6666)
0.376,(1.5737, -0.9151, 2.9597)
0.377,(1.6463, -0.9834, 3.0962)
0.378,(1.4064, -1.2376, 2.6451)
0.379,(1.4941, -1.1238, 2.8101)
0.38,(1.4110, -1.6826, 2.6537)
0.381,(1.5981, -0.3934, 3.0056)
0.382,(1.5158, -1.1952, 2.8508)
0.383,(1.2495, -1.3355, 2.3499)
0.384,(1.1803, -0.3801, 2.2198)
0.385,(1.4117, -1.1159, 2.6550)
0.386,(1.4845, -2.1703, 2.7920)
0.387,(1.7952, -1.3981, 3.3763)
0.388,(1.3916, -1.0118, 2.6172)
0.389,(1.4591, -1.1406, 2.7442)
0.39,(1.5098, -1.6526, 2.8395)
0.391,(1.3501, -0.4788, 2.5392)
0.392,(1.6341, -1.2905, 3.0732)
0.393,(1.6523, -0.5271, 3.1075)
0.394,(1.5311, -1.0360, 2.8796)
0.395,(1.3230, -0.8086, 2.4883)
0.396,(1.3175, -0.7392, 2.4778)
0.397,(1.3284, -0.7660, 2.4984)
0.398,(1.3999, -1.0404, 2.6328)
0.399,(1.5098, -1.2136, 2.8395)
0.4,(1.5128, -0.7374, 2.8452)
0.401,(1.4037, -1.2293, 2.6399)
0.402,(1.4478, -0.6867, 2.7230)
0.403,(1.5844, -0.5279, 2.9798)
0.404,(1.1418, -0.3227, 2.1474)
0.405,(1.3285, -0.5635, 2.4986)
0.406,(1.5046, -1.7628, 2.8298)
0.407,(1.4119, -1.0776, 2.6554)
0.408,(1.2842, -0.6553, 2.4153)
0.409,(1.2535, -1.3571, 2.3575)
0.41,(1.4206, -0.7341, 2.6718)
0.411,(1.6754, -0.7458, 3.1509)
0.412,(1.3280, -0.5861, 2.4976)
0.413,(1.4114, -0.4108, 2.6544)
0.414,(1.4938, -0.3757, 2.8095)
0.415,(1.2663, -0.7094, 2.3815)
0.416,(1.3041, -0.7021, 2.4527)
0.417,(1.6452, -0.5061, 3.0942)
0.418,(1.5868, -0.9093, 2.9843)
0.419,(1.4770, -0.7407, 2.7779)
0.42,(1.5031, -0.8332, 2.8269)
0.421,(1.7079, -1.0202, 3.2120)
0.422,(1.5271, -1.4477, 2.8721)
0.423,(1.4501, -0.2670, 2.7273)
0.424,(1.6072, -1.2327, 3.0228)
0.425,(1.4970, -1.1648, 2.8154)
0.426,(1.3704, -1.0724, 2.5773)
0.427,(1.4605, -1.1087, 2.7468)
0.428,(1.6055, -1.5838, 3.0195)
0.429,(1.2952, -0.0209, 2.4358)
0.43,(1.4112, -0.9830, 2.6541)
0.431,(1.3806, -0.7110, 2.5966)
0.432,(1.4795, -0.9100, 2.7826)
0.433,(1.4713, -0.9926, 2.7672)
0.434,(1.5109, -0.4921, 2.8416)
0.435,(1.6596, -1.4986, 3.1212)
0.436,(1.3552, -1.2063, 2.5488)
0.437,(1.4060, -0.2728, 2.6444)
0.438,(1.4932, -1.0618, 2.8083)
0.439,(1.6464, -1.3411, 3.0963)
0.44,(1.4128, -1.0514, 2.6571)
0.441,(1.4890, -0.9903, 2.8005)
0.442,(1.2717, -0.8819, 2.3916)
0.443,(1.3479, -1.2669, 2.5350)
0.444,(1.3942, -0.6226, 2.6222)
0.445,(1.3500, -0.5318, 2.5389)
0.446,(1.3956, -0.8098, 2.6247)
0.447,(1.5600, -1.1837, 2.9338)
0.448,(1.4100, -1.1142, 2.6519)
0.449,(1.3970, -0.8882, 2.6274)
0.45,(1.2916, -0.9375, 2.4292)
0.451,(1.1999, -0.7939, 2.2566)
0.452,(1.6678, -0.9112, 3.1367)
0.453,(1.6211, -1.4478, 3.0488)
0.454,(1.3252, -0.6781, 2.4924)
0.455,(1.1275, -0.6119, 2.1205)
0.456,(1.3153, -0.8877, 2.4737)
0.457,(1.5483, -0.8988, 2.9120)
0.458,(1.3549, -1.2547, 2.5482)
0.459,(1.7113, -0.7913, 3.2184)
0.46,(1.5973, -0.5129, 3.0042)
0.461,(1.3616, -1.3371, 2.5607)
0.462,(1.3665, -1.5125, 2.5700)
0.463,(1.4313, -0.2230, 2.6919)
0.464,(1.4384, -0.8764, 2.7052)
0.465,(1.5092, -0.9881, 2.8384)
0.466,(1.2991, -1.4889, 2.4433)
0.467,(1.4729, -0.3828, 2.7702)
0.468,(1.3212, -0.3640, 2.4848)
0.469,(1.1787, -0.4372, 2.2168)
0.47,(1.5664, -0.7097, 2.9460)
0.471,(1.1874, -0.7245, 2.2333)
0.472,(1.3686, -0.4117, 2.5739)
0.473,(1.5998, -1.5305, 3.0088)
0.474,(1.1651, -1.0944, 2.1912)
0.475,(1.5789, -1.4637, 2.9695)
0.476,(1.4115, -0.9102, 2.6546)
0.477,(1.5083, -0.5571, 2.8366)
0.478,(1.5142, -0.6024, 2.8478)
0.479,(1.4972, -1.5983, 2.8158)
0.48,(1.6044, -0.8537, 3.0175)
0.481,(1.4996, -0.8433, 2.8203)
0.482,(1.6014, -0.9687, 3.0119)
0.483,(1.2616, -1.0218, 2.3727)
0.484,(1.2299, -0.4617, 2.3131)
0.485,(1.2814, -1.1639, 2.4100)
0.486,(1.5296, -1.3199, 2.8767)
0.487,(1.5452, -1.6553, 2.9062)
0.488,(1.5015, -1.1209, 2.8239)
0.489,(1.3498, -1.0914, 2.5385)
0.49,(1.2527, -0.3322, 2.3560)
0.491,(1.4968, -0.2678, 2.8151)
0.492,(1.3797, -0.2766, 2.5948)
0.493,(1.1352, -0.9795, 2.1349)
0.494,(1.4018, -1.0622, 2.6364)
0.495,(1.2403, -0.8204, 2.3327)
0.496,(1.2403, -0.8204, 2.3327)
0.497,(1.2403, -0.8204, 2.3327)
0.498,(1.5918, -0.8912, 2.9937)
0.499,(1.5918, -0.8912, 2.9937)
0.5,(1.4357, -1.4861, 2.7002)
0.501,(1.4357, -1.4861, 2.7002)
0.502,(1.4357, -1.4861, 2.7002)
0.503,(1.5142, -0.4372, 2.8477)
0.504,(1.5142, -0.4372, 2.8477)
0.505,(1.5912, -0.6934, 2.9926)
0.506,(1.5912, -0.6934, 2.9926)
0.507,(1.5912, -0.6934, 2.9926)
0.508,(1.4782, -1.1582, 2.7801)
0.509,(1.4782, -1.1582, 2.7801)
0.5100001,(1.4082, -0.5501, 2.6484)
0.511,(1.4082, -0.5501, 2.6484)
0.512,(1.4082, -0.5501, 2.6484)
0.513,(1.1928, -0.9905, 2.2434)
0.514,(1.1928, -0.9905, 2.2434)
0.515,(1.4821, -1.6463, 2.7874)
0.516,(1.4821, -1.6463, 2.7874)
0.517,(1.4821, -1.6463, 2.7874)
0.518,(1.3906, -0.4535, 2.6153)
0.5190001,(1.3906, -0.4535, 2.6153)
0.52,(1.4416, -0.6326, 2.7112)
0.521,(1.4416, -0.6326, 2.7112)
0.522,(1.4416, -0.6326, 2.7112)
0.523,(1.3962, -1.0138, 2.6258)
0.524,(1.3962, -1.0138, 2.6258)
0.525,(1.6045, -1.4186, 3.0177)
0.526,(1.6045, -1.4186, 3.0177)
0.527,(1.6045, -1.4186, 3.0177)
0.528,(1.2817, -0.3483, 2.4105)
0.529,(1.2817, -0.3483, 2.4105)
0.53,(1.3083, -1.0053, 2.4606)
0.531,(1.3083, -1.0053, 2.4606)
0.532,(1.3083, -1.0053, 2.4606)
0.5330001,(1.4312, -1.1100, 2.6918)
0.534,(1.4312, -1.1100, 2.6918)
0.535,(1.6700, -1.0684, 3.1408)
0.536,(1.6700, -1.0684, 3.1408)
0.537,(1.2792, -0.7409, 2.4057)
0.538,(1.2792, -0.7409, 2.4057)
0.539,(1.2792, -0.7409, 2.4057)
0.54,(1.2797, -0.7085, 2.4068)
0.541,(1.2797, -0.7085, 2.4068)
0.5420001,(1.2280, -0.7280, 2.3095)
0.543,(1.2280, -0.7280, 2.3095)
0.544,(1.2280, -0.7280, 2.3095)
0.545,(1.4052, -1.2470, 2.6428)
0.546,(1.4052, -1.2470, 2.6428)
0.5470001,(1.5333, -0.9199, 2.8837)
0.548,(1.5333, -0.9199, 2.8837)
0.549,(1.4105, -0.6781, 2.6528)
0.55,(1.4105, -0.6781, 2.6528)
0.551,(1.4105, -0.6781, 2.6528)
0.552,(1.3366, -0.3689, 2.5138)
0.553,(1.3366, -0.3689, 2.5138)
0.554,(1.4572, -1.6335, 2.7405)
0.555,(1.4572, -1.6335, 2.7405)
0.5560001,(1.5549, -1.3641, 2.9244)
0.557,(1.5549, -1.3641, 2.9244)
0.558,(1.5549, -1.3641, 2.9244)
0.559,(1.4808, -1.1202, 2.7850)
0.56,(1.4808, -1.1202, 2.7850)
0.561,(1.6800, -1.0459, 3.1596)
0.562,(1.6800, -1.0459, 3.1596)
0.563,(1.2264, 0.1616, 2.3065)
0.564,(1.2264, 0.1616, 2.3065)
0.565,(1.2264, 0.1616, 2.3065)
0.566,(1.5113, -1.3069, 2.8423)
0.567,(1.5113, -1.3069, 2.8423)
0.568,(1.3116, -0.9383, 2.4668)
0.569,(1.3116, -0.9383, 2.4668)
0.5700001,(1.7076, -1.0297, 3.2115)
0.571,(1.7076, -1.0297, 3.2115)
0.572,(1.4094, 0.3048, 2.6507)
0.573,(1.4094, 0.3048, 2.6507)
0.574,(1.4094, 0.3048, 2.6507)
0.575,(1.3877, -1.3013, 2.6098)
0.576,(1.3877, -1.3013, 2.6098)
0.577,(1.2928, -0.8416, 2.4314)
0.578,(1.2928, -0.8416, 2.4314)
0.5790001,(1.2940, -0.7629, 2.4337)
0.58,(1.2940, -0.7629, 2.4337)
0.581,(1.3252, -0.4460, 2.4924)
0.582,(1.3252, -0.4460, 2.4924)
0.583,(1.3252, -0.4460, 2.4924)
0.5840001,(1.6169, -0.8409, 3.0410)
0.585,(1.6169, -0.8409, 3.0410)
0.586,(1.6388, -0.5277, 3.0821)
0.587,(1.6388, -0.5277, 3.0821)
0.588,(1.3955, -0.5716, 2.6246)
0.589,(1.3955, -0.5716, 2.6246)
0.59,(1.3432, -0.5960, 2.5261)
0.591,(1.3432, -0.5960, 2.5261)
0.592,(1.3432, -0.5960, 2.5261)
0.5930001,(1.3697, 0.0084, 2.5761)
0.594,(1.3697, 0.0084, 2.5761)
0.595,(1.5834, -0.1527, 2.9780)
0.596,(1.5834, -0.1527, 2.9780)
0.597,(1.2680, -0.4578, 2.3847)
0.598,(1.2680, -0.4578, 2.3847)
0.599,(1.5973, -0.9467, 3.0042)
0.6,(1.5973, -0.9467, 3.0042)
0.601,(1.3836, -1.1377, 2.6022)
0.6020001,(1.3836, -1.1377, 2.6022)
0.603,(1.3855, -1.1259, 2.6058)
0.604,(1.3855, -1.1259, 2.6058)
0.605,(1.3855, -1.1259, 2.6058)
0.606,(1.3969, -1.2363, 2.6272)
0.6070001,(1.3969, -1.2363, 2.6272)
0.608,(1.6719, -0.7354, 3.1444)
0.609,(1.6719, -0.7354, 3.1444)
0.61,(1.2588, -0.6781, 2.3675)
0.611,(1.2588, -0.6781, 2.3675)
0.612,(1.4969, -0.9593, 2.8153)
0.613,(1.4969, -0.9593, 2.8153)
0.614,(1.3062, -0.8720, 2.4567)
0.615,(1.3062, -0.8720, 2.4567)
0.6160001,(1.6001, -0.3571, 3.0094)
0.617,(1.6001, -0.3571, 3.0094)
0.618,(1.5405, 0.2050, 2.8973)
0.619,(1.5405, 0.2050, 2.8973)
0.62,(1.2575, 0.0235, 2.3651)
0.6210001,(1.2575, 0.0235, 2.3651)
0.622,(1.3472, -0.8426, 2.5338)
0.623,(1.3472, -0.8426, 2.5338)
0.624,(1.2419, -0.8320, 2.3356)
0.625,(1.2419, -0.8320, 2.3356)
0.626,(1.2419, -0.8320, 2.3356)
0.627,(1.2608, -0.9702, 2.3712)
0.628,(1.2608, -0.9702, 2.3712)
0.629,(1.5581, -0.6264, 2.9303)
0.6300001,(1.5581, -0.6264, 2.9303)
0.631,(1.4450, -0.0748, 2.7177)
0.632,(1.4450, -0.0748, 2.7177)
0.633,(1.6823, -0.2976, 3.1639)
0.634,(1.6823, -0.2976, 3.1639)
0.6350001,(1.3120, -0.9178, 2.4676)
0.636,(1.3120, -0.9178, 2.4676)
0.637,(1.6918, -0.1479, 3.1818)
0.638,(1.6918, -0.1479, 3.1818)
0.6390001,(1.5326, -0.4346, 2.8824)
0.64,(1.5326, -0.4346, 2.8824)
0.641,(1.4377, -0.4750, 2.7039)
0.642,(1.4377, -0.4750, 2.7039)
0.643,(1.4957, -0.8367, 2.8130)
0.6440001,(1.4957, -0.8367, 2.8130)
0.645,(1.5440, -0.3526, 2.9038)
0.646,(1.5440, -0.3526, 2.9038)
0.647,(1.4370, -1.7844, 2.7027)
0.648,(1.4370, -1.7844, 2.7027)
0.649,(1.4942, -0.1881, 2.8102)
0.65,(1.4942, -0.1881, 2.8102)
0.651,(1.4489, -1.0389, 2.7250)
0.652,(1.4489, -1.0389, 2.7250)
0.6530001,(1.4382, -0.7909, 2.7049)
0.654,(1.4382, -0.7909, 2.7049)
0.655,(1.4200, -0.6526, 2.6706)
0.656,(1.4200, -0.6526, 2.6706)
0.657,(1.6468, -0.9176, 3.0972)
0.6580001,(1.6468, -0.9176, 3.0972)
0.659,(1.3463, -0.5270, 2.5320)
0.66,(1.3463, -0.5270, 2.5320)
0.661,(1.3744, -0.5158, 2.5849)
0.6620001,(1.3744, -0.5158, 2.5849)
0.663,(1.5623, -0.6707, 2.9382)
0.664,(1.5623, -0.6707, 2.9382)
0.665,(1.3727, -0.8424, 2.5817)
0.666,(1.3727, -0.8424, 2.5817)
0.6670001,(1.4122, -0.8623, 2.6560)
0.668,(1.6925, -0.4067, 3.1832)
0.669,(1.6925, -0.4067, 3.1832)
0.67,(1.6409, -0.6348, 3.0860)
0.671,(1.6409, -0.6348, 3.0860)
0.6720001,(1.5708, -1.1994, 2.9542)
0.673,(1.5708, -1.1994, 2.9542)
0.674,(1.3772, -0.9556, 2.5902)
0.675,(1.3772, -0.9556, 2.5902)
0.6760001,(1.5602, -0.5770, 2.9343)
0.677,(1.5602, -0.5770, 2.9343)
0.678,(1.4225, -0.3460, 2.6754)
0.679,(1.4225, -0.3460, 2.6754)
0.68,(1.5833, -0.1211, 2.9778)
0.6810001,(1.5833, -0.1211, 2.9778)
0.682,(1.3896, -0.2611, 2.6134)
0.683,(1.3896, -0.2611, 2.6134)
0.684,(1.6174, -0.2731, 3.0419)
0.6850001,(1.6174, -0.2731, 3.0419)
0.686,(1.5024, -0.8592, 2.8257)
0.687,(1.6374, -0.7273, 3.0794)
0.688,(1.6374, -0.7273, 3.0794)
0.689,(1.4958, -1.0361, 2.8132)
0.6900001,(1.4958, -1.0361, 2.8132)
0.691,(1.7047, -0.7446, 3.2060)
0.692,(1.7047, -0.7446, 3.2060)
0.693,(1.4616, -0.3543, 2.7489)
0.694,(1.4616, -0.3543, 2.7489)
0.6950001,(1.4375, -0.4692, 2.7035)
0.696,(1.4375, -0.4692, 2.7035)
0.697,(1.2952, -0.5614, 2.4360)
0.698,(1.2952, -0.5614, 2.4360)
0.6990001,(1.8154, -1.0427, 3.4142)
0.7,(1.3645, -0.7614, 2.5663)
0.701,(1.3645, -0.7614, 2.5663)
0.702,(1.4331, -0.2947, 2.6952)
0.703,(1.4331, -0.2947, 2.6952)
0.7040001,(1.8075, 0.0593, 3.3994)
0.705,(1.8075, 0.0593, 3.3994)
0.706,(1.3229, -0.8681, 2.4879)
0.707,(1.3229, -0.8681, 2.4879)
0.708,(1.4790, -0.8203, 2.7816)
0.7090001,(1.5849, -0.1803, 2.9807)
0.71,(1.5849, -0.1803, 2.9807)
0.711,(1.6228, -0.2403, 3.0521)
0.712,(1.6228, -0.2403, 3.0521)
0.7130001,(1.5369, -0.5491, 2.8904)
0.714,(1.5369, -0.5491, 2.8904)
0.715,(1.5123, -0.3018, 2.8442)
0.716,(1.5123, -0.3018, 2.8442)
0.717,(1.3801, -0.3134, 2.5956)
0.7180001,(1.4380, -0.4603, 2.7044)
0.719,(1.4380, -0.4603, 2.7044)
0.72,(1.3377, -0.7948, 2.5159)
0.721,(1.3377, -0.7948, 2.5159)
0.7220001,(1.2714, 0.5668, 2.3911)
0.723,(1.2714, 0.5668, 2.3911)
0.724,(1.4035, -0.6961, 2.6397)
0.725,(1.4851, -0.3970, 2.7931)
0.726,(1.4851, -0.3970, 2.7931)
0.7270001,(1.5683, -0.4640, 2.9495)
0.728,(1.5683, -0.4640, 2.9495)
0.729,(1.6877, -0.8389, 3.1741)
0.73,(1.6877, -0.8389, 3.1741)
0.731,(1.4696, 0.4989, 2.7639)
0.7320001,(1.5639, -0.3598, 2.9413)
0.733,(1.5639, -0.3598, 2.9413)
0.734,(1.3935, -0.5487, 2.6207)
0.735,(1.3935, -0.5487, 2.6207)
0.7360001,(1.6998, 0.2637, 3.1969)
0.737,(1.6998, 0.2637, 3.1969)
0.738,(1.4720, -0.2866, 2.7684)
0.739,(1.4583, -0.0059, 2.7426)
0.74,(1.4583, -0.0059, 2.7426)
0.7410001,(1.4954, -0.4999, 2.8124)
0.742,(1.4954, -0.4999, 2.8124)
0.743,(1.0448, 0.4066, 1.9650)
0.744,(1.3144, 0.2793, 2.4721)
0.7450001,(1.3144, 0.2793, 2.4721)
0.7460001,(1.5673, 0.1515, 2.9476)
0.747,(1.5673, 0.1515, 2.9476)
0.748,(1.6672, -0.7960, 3.1355)
0.749,(1.5394, -0.0444, 2.8952)
0.7500001,(1.5394, -0.0444, 2.8952)
0.751,(1.4928, 0.0021, 2.8075)
0.752,(1.4928, 0.0021, 2.8075)
0.753,(1.6789, -0.2018, 3.1575)
0.754,(1.4271, -0.3635, 2.6839)
0.7550001,(1.4271, -0.3635, 2.6839)
0.756,(1.4633, 0.0030, 2.7521)
0.757,(1.4633, 0.0030, 2.7521)
0.758,(1.4978, -0.1540, 2.8169)
0.7590001,(1.4241, 0.3329, 2.6784)
0.7600001,(1.4241, 0.3329, 2.6784)
0.761,(1.4232, 0.1745, 2.6767)
0.762,(1.4232, 0.1745, 2.6767)
0.763,(1.2718, 0.1812, 2.3918)
0.7640001,(1.3511, 0.0106, 2.5410)
0.765,(1.3511, 0.0106, 2.5410)
0.766,(1.4496, -0.6304, 2.7262)
0.767,(1.4496, -0.6304, 2.7262)
0.768,(1.4618, -0.0010, 2.7492)
0.7690001,(1.5214, -0.9880, 2.8614)
0.77,(1.5214, -0.9880, 2.8614)
0.771,(1.6075, 0.7501, 3.0233)
0.772,(1.4931, -0.2599, 2.8081)
0.7730001,(1.4931, -0.2599, 2.8081)
0.774,(1.8109, -0.4298, 3.4058)
0.775,(1.8109, -0.4298, 3.4058)
0.776,(1.2796, 0.0561, 2.4066)
0.777,(1.4245, 0.0294, 2.6791)
0.7780001,(1.4245, 0.0294, 2.6791)
0.779,(1.5641, -0.4892, 2.9416)
0.78,(1.6366, 0.2617, 3.0780)
0.781,(1.6366, 0.2617, 3.0780)
0.7820001,(1.7402, -0.7809, 3.2729)
0.7830001,(1.7402, -0.7809, 3.2729)
0.784,(1.2985, 0.0320, 2.4422)
0.785,(1.5682, 0.3461, 2.9494)
0.786,(1.5682, 0.3461, 2.9494)
0.7870001,(1.2656, -0.4245, 2.3803)
0.788,(1.4150, -0.4141, 2.6613)
0.789,(1.4150, -0.4141, 2.6613)
0.79,(1.4281, -0.4768, 2.6858)
0.791,(1.3983, -0.3222, 2.6298)
0.7920001,(1.3983, -0.3222, 2.6298)
0.793,(1.4546, 0.0613, 2.7357)
0.794,(1.4546, 0.0613, 2.7357)
0.795,(1.6717, 0.3927, 3.1440)
0.7960001,(1.4704, 0.0605, 2.7655)
0.7970001,(1.4704, 0.0605, 2.7655)
0.798,(1.5143, -0.1493, 2.8479)
0.799,(1.4755, -0.5451, 2.7749)
0.8,(1.4755, -0.5451, 2.7749)
0.8010001,(1.6880, 0.4279, 3.1747)
0.802,(1.6000, 0.6071, 3.0093)
0.803,(1.6000, 0.6071, 3.0093)
0.804,(1.5800, 0.3003, 2.9715)
0.8050001,(1.4198, 0.7187, 2.6703)
0.8060001,(1.4198, 0.7187, 2.6703)
0.807,(1.6250, -0.1685, 3.0562)
0.808,(1.5503, 0.9088, 2.9157)
0.809,(1.5503, 0.9088, 2.9157)
0.8100001,(1.3665, 0.4079, 2.5700)
0.811,(1.1961, 0.0943, 2.2495)
0.812,(1.1961, 0.0943, 2.2495)
0.813,(1.5149, -0.2518, 2.8491)
0.814,(1.3167, 0.4295, 2.4764)
0.8150001,(1.3167, 0.4295, 2.4764)
0.816,(1.2885, 0.7555, 2.4233)
0.817,(1.4865, 0.2033, 2.7957)
0.818,(1.4865, 0.2033, 2.7957)
0.8190001,(1.5529, -0.1197, 2.9205)
0.8200001,(1.5250, -0.0433, 2.8681)
0.821,(1.5250, -0.0433, 2.8681)
0.822,(1.5691, -0.4426, 2.9511)
0.823,(1.3874, 0.9817, 2.6093)
0.8240001,(1.3874, 0.9817, 2.6093)
0.825,(1.4622, -0.0540, 2.7500)
0.826,(1.7632, 0.2716, 3.3161)
0.827,(1.7632, 0.2716, 3.3161)
0.8280001,(1.4922, -0.6906, 2.8064)
0.8290001,(1.6058, -0.1233, 3.0200)
0.83,(1.5348, -0.1380, 2.8865)
0.831,(1.5348, -0.1380, 2.8865)
0.832,(1.2923, 0.0040, 2.4304)
0.8330001,(1.5005, 0.1535, 2.8221)
0.8340001,(1.5005, 0.1535, 2.8221)
0.835,(1.2502, -0.0033, 2.3514)
0.836,(1.7457, -0.6380, 3.2832)
0.837,(1.7457, -0.6380, 3.2832)
0.8380001,(1.5007, 0.3116, 2.8224)
0.839,(1.6334, -0.1018, 3.0720)
0.84,(1.4622, -0.6681, 2.7500)
0.841,(1.4622, -0.6681, 2.7500)
0.8420001,(1.4241, -0.0370, 2.6783)
0.8430001,(1.5643, -0.1850, 2.9420)
0.844,(1.5643, -0.1850, 2.9420)
0.845,(1.5502, -0.2919, 2.9154)
0.846,(1.3245, 0.0761, 2.4910)
0.8470001,(1.4762, -0.1909, 2.7763)
0.848,(1.4762, -0.1909, 2.7763)
0.849,(1.4376, 0.2976, 2.7038)
0.85,(1.5509, 0.0837, 2.9168)
0.851,(1.5509, 0.0837, 2.9168)
0.8520001,(1.3777, 0.6156, 2.5911)
0.853,(1.4553, -0.6138, 2.7370)
0.854,(1.5863, -0.6121, 2.9834)
0.855,(1.5863, -0.6121, 2.9834)
0.8560001,(1.5553, 0.4901, 2.9250)
0.8570001,(1.3951, 0.5165, 2.6238)
0.858,(1.6097, 0.4748, 3.0274)
0.859,(1.6097, 0.4748, 3.0274)
0.86,(1.5356, 1.2129, 2.8881)
0.8610001,(1.5441, 0.8229, 2.9040)
0.862,(1.5441, 0.8229, 2.9040)
0.863,(1.5047, 0.2818, 2.8300)
0.864,(1.4674, 0.2746, 2.7598)
0.8650001,(1.4712, 0.5117, 2.7670)
0.8660001,(1.4712, 0.5117, 2.7670)
0.867,(1.2780, 0.6467, 2.4036)
0.868,(1.6588, 0.5031, 3.1197)
0.869,(1.5767, 0.1887, 2.9654)
0.8700001,(1.5767, 0.1887, 2.9654)
0.8710001,(1.6661, 0.0042, 3.1335)
0.872,(1.3109, 0.1887, 2.4654)
0.873,(1.3676, 0.0522, 2.5720)
0.874,(1.3676, 0.0522, 2.5720)
0.8750001,(1.5563, 0.9790, 2.9269)
0.876,(1.5921, 0.3186, 2.9942)
0.877,(1.4210, -0.3156, 2.6724)
0.878,(1.2663, -0.1409, 2.3815)
0.8790001,(1.2663, -0.1409, 2.3815)
0.8800001,(1.5052, 0.1526, 2.8309)
0.881,(1.8163, -0.0183, 3.4159)
0.882,(1.3289, 0.2264, 2.4993)
0.883,(1.3289, 0.2264, 2.4993)
0.8840001,(1.3289, 0.2264, 2.4993)
0.8850001,(1.3289, 0.2264, 2.4993)
0.886,(1.4906, -0.1366, 2.8035)
0.887,(1.4906, -0.1366, 2.8035)
0.8880001,(1.4906, -0.1366, 2.8035)
0.8890001,(1.4906, -0.1366, 2.8035)
0.89,(1.4906, -0.1366, 2.8035)
0.891,(1.4906, -0.1366, 2.8035)
0.892,(1.4906, -0.1366, 2.8035)
0.8930001,(1.4906, -0.1366, 2.8035)
0.8940001,(1.6660, 0.4203, 3.1333)
0.895,(1.6660, 0.4203, 3.1333)
0.896,(1.6660, 0.4203, 3.1333)
0.897,(1.6660, 0.4203, 3.1333)
0.8980001,(1.6660, 0.4203, 3.1333)
0.899,(1.6660, 0.4203, 3.1333)
0.9,(1.6660, 0.4203, 3.1333)
0.901,(1.6660, 0.4203, 3.1333)
0.9020001,(1.8053, 0.6594, 3.3953)
0.9030001,(1.8053, 0.6594, 3.3953)
0.904,(1.8053, 0.6594, 3.3953)
0.905,(1.8053, 0.6594, 3.3953)
0.906,(1.8053, 0.6594, 3.3953)
0.9070001,(1.8053, 0.6594, 3.3953)
0.9080001,(1.8053, 0.6594, 3.3953)
0.909,(1.8053, 0.6594, 3.3953)
0.91,(1.6205, 0.0143, 3.0476)
0.9110001,(1.6205, 0.0143, 3.0476)
0.9120001,(1.6205, 0.0143, 3.0476)
0.913,(1.6205, 0.0143, 3.0476)
0.914,(1.6205, 0.0143, 3.0476)
0.915,(1.6205, 0.0143, 3.0476)
0.9160001,(1.6205, 0.0143, 3.0476)
0.9170001,(1.6205, 0.0143, 3.0476)
0.918,(1.4360, 0.5675, 2.7008)
0.919,(1.4360, 0.5675, 2.7008)
0.92,(1.4360, 0.5675, 2.7008)
0.9210001,(1.4360, 0.5675, 2.7008)
0.9220001,(1.4360, 0.5675, 2.7008)
0.923,(1.4360, 0.5675, 2.7008)
0.924,(1.4360, 0.5675, 2.7008)
0.9250001,(1.4360, 0.5675, 2.7008)
0.9260001,(1.4360, 0.5675, 2.7008)
0.927,(1.3696, 0.2795, 2.5758)
0.928,(1.3696, 0.2795, 2.5758)
0.929,(1.3696, 0.2795, 2.5758)
0.9300001,(1.3696, 0.2795, 2.5758)
0.9310001,(1.3696, 0.2795, 2.5758)
0.932,(1.3696, 0.2795, 2.5758)
0.933,(1.3696, 0.2795, 2.5758)
0.934,(1.3696, 0.2795, 2.5758)
0.9350001,(1.5074, 0.2319, 2.8351)
0.936,(1.5074, 0.2319, 2.8351)
0.937,(1.5074, 0.2319, 2.8351)
0.938,(1.5074, 0.2319, 2.8351)
0.9390001,(1.5074, 0.2319, 2.8351)
0.9400001,(1.5074, 0.2319, 2.8351)
0.941,(1.5074, 0.2319, 2.8351)
0.942,(1.5074, 0.2319, 2.8351)
0.943,(1.6063, 0.0554, 3.0211)
0.9440001,(1.6063, 0.0554, 3.0211)
0.9450001,(1.6063, 0.0554, 3.0211)
0.946,(1.6063, 0.0554, 3.0211)
0.947,(1.6063, 0.0554, 3.0211)
0.9480001,(1.6063, 0.0554, 3.0211)
0.9490001,(1.6063, 0.0554, 3.0211)
0.95,(1.6063, 0.0554, 3.0211)
0.951,(1.6063, 0.0554, 3.0211)
0.952,(1.6387, 0.1597, 3.0820)
0.9530001,(1.6387, 0.1597, 3.0820)
0.9540001,(1.6387, 0.1597, 3.0820)
0.955,(1.6387, 0.1597, 3.0820)
0.956,(1.6387, 0.1597, 3.0820)
0.957,(1.6387, 0.1597, 3.0820)
0.9580001,(1.6387, 0.1597, 3.0820)
0.9590001,(1.6387, 0.1597, 3.0820)
0.96,(1.6387, 0.1597, 3.0820)
0.961,(1.4158, 0.5777, 2.6627)
0.9620001,(1.4158, 0.5777, 2.6627)
0.9630001,(1.4158, 0.5777, 2.6627)
0.964,(1.4158, 0.5777, 2.6627)
0.965,(1.4158, 0.5777, 2.6627)
0.966,(1.4158, 0.5777, 2.6627)
0.9670001,(1.4158, 0.5777, 2.6627)
0.9680001,(1.4158, 0.5777, 2.6627)
0.969,(1.6327, 0.7771, 3.0707)
0.97,(1.6327, 0.7771, 3.0707)
0.9710001,(1.6327, 0.7771, 3.0707)
0.9720001,(1.6327, 0.7771, 3.0707)
0.973,(1.6327, 0.7771, 3.0707)
0.974,(1.6327, 0.7771, 3.0707)
0.975,(1.6327, 0.7771, 3.0707)
0.9760001,(1.6327, 0.7771, 3.0707)
0.9770001,(1.6327, 0.7771, 3.0707)
0.978,(1.6327, 0.7771, 3.0707)
0.979,(1.5240, 0.7478, 2.8663)
0.98,(1.5240, 0.7478, 2.8663)
0.9810001,(1.5240, 0.7478, 2.8663)
0.9820001,(1.5240, 0.7478, 2.8663)
0.983,(1.5240, 0.7478, 2.8663)
0.984,(1.5240, 0.7478, 2.8663)
0.9850001,(1.5240, 0.7478, 2.8663)
0.9860001,(1.5240, 0.7478, 2.8663)
0.987,(1.3772, -0.2535, 2.5901)
0.988,(1.3772, -0.2535, 2.5901)
0.989,(1.3772, -0.2535, 2.5901)
0.9900001,(1.3772, -0.2535, 2.5901)
0.9910001,(1.3772, -0.2535, 2.5901)
0.992,(1.3772, -0.2535, 2.5901)
0.993,(1.3772, -0.2535, 2.5901)
0.994,(1.3772, -0.2535, 2.5901)
0.9950001,(1.3772, -0.2535, 2.5901)
0.9960001,(1.3772, -0.2535, 2.5901)
0.997,(1.2868, 0.1587, 2.4202)
0.998,(1.2868, 0.1587, 2.4202)
0.9990001,(1.2868, 0.1587, 2.4202)
1,(1.2868, 0.1587, 2.4202)
1.001,(1.2868, 0.1587, 2.4202)
1.002,(1.2868, 0.1587, 2.4202)
1.003,(1.2868, 0.1587, 2.4202)
1.004,(1.2868, 0.1587, 2.4202)
1.005,(1.2868, 0.1587, 2.4202)
1.006,(1.2868, 0.1587, 2.4202)
1.007,(1.3927, 0.1862, 2.6194)
1.008,(1.3927, 0.1862, 2.6194)
1.009,(1.3927, 0.1862, 2.6194)
1.01,(1.3927, 0.1862, 2.6194)
1.011,(1.3927, 0.1862, 2.6194)
1.012,(1.3927, 0.1862, 2.6194)
1.013,(1.3927, 0.1862, 2.6194)
1.014,(1.3927, 0.1862, 2.6194)
1.015,(1.3927, 0.1862, 2.6194)
1.016,(1.5035, 0.0288, 2.8277)
1.017,(1.5035, 0.0288, 2.8277)
1.018,(1.5035, 0.0288, 2.8277)
1.019,(1.5035, 0.0288, 2.8277)
1.02,(1.5035, 0.0288, 2.8277)
1.021,(1.5035, 0.0288, 2.8277)
1.022,(1.5035, 0.0288, 2.8277)
1.023,(1.5035, 0.0288, 2.8277)
1.024,(1.5035, 0.0288, 2.8277)
1.025,(1.5035, 0.0288, 2.8277)
1.026,(1.5252, 0.5717, 2.8686)
1.027,(1.5252, 0.5717, 2.8686)
1.028,(1.5252, 0.5717, 2.8686)
1.029,(1.5252, 0.5717, 2.8686)
1.03,(1.5252, 0.5717, 2.8686)
1.031,(1.5252, 0.5717, 2.8686)
1.032,(1.5252, 0.5717, 2.8686)
1.033,(1.5252, 0.5717, 2.8686)
1.034,(1.5252, 0.5717, 2.8686)
1.035,(1.5252, 0.5717, 2.8686)
1.036,(1.1125, 0.1193, 2.0923)
1.037,(1.1125, 0.1193, 2.0923)
1.038,(1.1125, 0.1193, 2.0923)
1.039,(1.1125, 0.1193, 2.0923)
1.04,(1.1125, 0.1193, 2.0923)
1.041,(1.1125, 0.1193, 2.0923)
1.042,(1.1125, 0.1193, 2.0923)
1.043,(1.1125, 0.1193, 2.0923)
1.044,(1.1125, 0.1193, 2.0923)
1.045,(1.1125, 0.1193, 2.0923)
1.046,(1.4732, 0.1176, 2.7708)
1.047,(1.4732, 0.1176, 2.7708)
1.048,(1.4732, 0.1176, 2.7708)
1.049,(1.4732, 0.1176, 2.7708)
1.05,(1.4732, 0.1176, 2.7708)
1.051,(1.4732, 0.1176, 2.7708)
1.052,(1.4732, 0.1176, 2.7708)
1.053,(1.4732, 0.1176, 2.7708)
1.054,(1.4732, 0.1176, 2.7708)
1.055,(1.4732, 0.1176, 2.7708)
1.056,(1.4732, 0.1176, 2.7708)
1.057,(1.4732, 0.1176, 2.7708)
1.058,(1.5626, 0.3648, 2.9388)
1.059,(1.5626, 0.3648, 2.9388)
1.06,(1.5626, 0.3648, 2.9388)
1.061,(1.5626, 0.3648, 2.9388)
1.062,(1.5626, 0.3648, 2.9388)
1.063,(1.5626, 0.3648, 2.9388)
1.064,(1.5626, 0.3648, 2.9388)
1.065,(1.5626, 0.3648, 2.9388)
1.066,(1.5626, 0.3648, 2.9388)
1.067,(1.5626, 0.3648, 2.9388)
1.068,(1.2863, 0.7844, 2.4191)
1.069,(1.2863, 0.7844, 2.4191)
1.07,(1.2863, 0.7844, 2.4191)
1.071,(1.2863, 0.7844, 2.4191)
1.072,(1.2863, 0.7844, 2.4191)
1.073,(1.2863, 0.7844, 2.4191)
1.074,(1.2863, 0.7844, 2.4191)
1.075,(1.2863, 0.7844, 2.4191)
1.076,(1.2863, 0.7844, 2.4191)
1.077,(1.2863, 0.7844, 2.4191)
1.078,(1.2863, 0.7844, 2.4191)
1.079,(1.2863, 0.7844, 2.4191)
1.08,(1.3707, 0.4108, 2.5779)
1.081,(1.3707, 0.4108, 2.5779)
1.082,(1.3707, 0.4108, 2.5779)
1.083,(1.3707, 0.4108, 2.5779)
1.084,(1.3707, 0.4108, 2.5779)
1.085,(1.3707, 0.4108, 2.5779)
1.086,(1.3707, 0.4108, 2.5779)
1.087,(1.3707, 0.4108, 2.5779)
1.088,(1.3707, 0.4108, 2.5779)
1.089,(1.3707, 0.4108, 2.5779)
1.09,(1.3707, 0.4108, 2.5779)
1.091,(1.3707, 0.4108, 2.5779)
1.092,(1.5624, 0.3016, 2.9384)
1.093,(1.5624, 0.3016, 2.9384)
1.094,(1.5624, 0.3016, 2.9384)
1.095,(1.5624, 0.3016, 2.9384)
1.096,(1.5624, 0.3016, 2.9384)
1.097,(1.5624, 0.3016, 2.9384)
1.098,(1.5624, 0.3016, 2.9384)
1.099,(1.5624, 0.3016, 2.9384)
1.1,(1.5624, 0.3016, 2.9384)
1.101,(1.5624, 0.3016, 2.9384)
1.102,(1.5624, 0.3016, 2.9384)
1.103,(1.5624, 0.3016, 2.9384)
1.104,(1.5746, -0.2278, 2.9614)
1.105,(1.5746, -0.2278, 2.9614)
1.106,(1.5746, -0.2278, 2.9614)
1.107,(1.5746, -0.2278, 2.9614)
1.108,(1.5746, -0.2278, 2.9614)
1.109,(1.5746, -0.2278, 2.9614)
1.11,(1.5746, -0.2278, 2.9614)
1.111,(1.5746, -0.2278, 2.9614)
1.112,(1.5746, -0.2278, 2.9614)
1.113,(1.5746, -0.2278, 2.9614)
1.114,(1.5746, -0.2278, 2.9614)
1.115,(1.5746, -0.2278, 2.9614)
1.116,(1.5746, -0.2278, 2.9614)
1.117,(1.5798, 0.3977, 2.9712)
1.118,(1.5798, 0.3977, 2.9712)
1.119,(1.5798, 0.3977, 2.9712)
1.12,(1.5798, 0.3977, 2.9712)
1.121,(1.5798, 0.3977, 2.9712)
1.122,(1.5798, 0.3977, 2.9712)
1.123,(1.5798, 0.3977, 2.9712)
1.124,(1.5798, 0.3977, 2.9712)
1.125,(1.5798, 0.3977, 2.9712)
1.126,(1.5798, 0.3977, 2.9712)
1.127,(1.5798, 0.3977, 2.9712)
1.128,(1.5798, 0.3977, 2.9712)
1.129,(1.5798, 0.3977, 2.9712)
1.13,(1.5798, 0.3977, 2.9712)
1.131,(1.3766, 0.6600, 2.5890)
1.132,(1.3766, 0.6600, 2.5890)
1.133,(1.3766, 0.6600, 2.5890)
1.134,(1.3766, 0.6600, 2.5890)
1.135,(1.3766, 0.6600, 2.5890)
1.136,(1.3766, 0.6600, 2.5890)
1.137,(1.3766, 0.6600, 2.5890)
1.138,(1.3766, 0.6600, 2.5890)
1.139,(1.3766, 0.6600, 2.5890)
1.14,(1.3766, 0.6600, 2.5890)
1.141,(1.3766, 0.6600, 2.5890)
1.142,(1.3766, 0.6600, 2.5890)
1.143,(1.3766, 0.6600, 2.5890)
1.144,(1.3766, 0.6600, 2.5890)
1.145,(1.3766, 0.6600, 2.5890)
1.146,(1.5064, 0.4499, 2.8331)
1.147,(1.5064, 0.4499, 2.8331)
1.148,(1.5064, 0.4499, 2.8331)
1.149,(1.5064, 0.4499, 2.8331)
1.15,(1.5064, 0.4499, 2.8331)
1.151,(1.5064, 0.4499, 2.8331)
1.152,(1.5064, 0.4499, 2.8331)
1.153,(1.5064, 0.4499, 2.8331)
1.154,(1.5064, 0.4499, 2.8331)
1.155,(1.5064, 0.4499, 2.8331)
1.156,(1.5064, 0.4499, 2.8331)
1.157,(1.5064, 0.4499, 2.8331)
1.158,(1.5064, 0.4499, 2.8331)
1.159,(1.5064, 0.4499, 2.8331)
1.16,(1.5064, 0.4499, 2.8331)
1.161,(1.5064, 0.4499, 2.8331)
1.162,(1.4962, 0.5423, 2.8139)
1.163,(1.4962, 0.5423, 2.8139)
1.164,(1.4962, 0.5423, 2.8139)
1.165,(1.4962, 0.5423, 2.8139)
1.166,(1.4962, 0.5423, 2.8139)
1.167,(1.4962, 0.5423, 2.8139)
1.168,(1.4962, 0.5423, 2.8139)
1.169,(1.4962, 0.5423, 2.8139)
1.17,(1.4962, 0.5423, 2.8139)
1.171,(1.4962, 0.5423, 2.8139)
1.172,(1.4962, 0.5423, 2.8139)
1.173,(1.4962, 0.5423, 2.8139)
1.174,(1.4962, 0.5423, 2.8139)
1.175,(1.4962, 0.5423, 2.8139)
1.176,(1.4962, 0.5423, 2.8139)
1.177,(1.4962, 0.5423, 2.8139)
1.178,(1.4962, 0.5423, 2.8139)
1.179,(1.4962, 0.5423, 2.8139)
1.18,(1.5273, 0.3957, 2.8724)
1.181,(1.5273, 0.3957, 2.8724)
1.182,(1.5273, 0.3957, 2.8724)
1.183,(1.5273, 0.3957, 2.8724)
1.184,(1.5273, 0.3957, 2.8724)
1.185,(1.5273, 0.3957, 2.8724)
1.186,(1.5273, 0.3957, 2.8724)
1.187,(1.5273, 0.3957, 2.8724)
1.188,(1.5273, 0.3957, 2.8724)
1.189,(1.5273, 0.3957, 2.8724)
1.19,(1.5273, 0.3957, 2.8724)
1.191,(1.5273, 0.3957, 2.8724)
1.192,(1.5273, 0.3957, 2.8724)
1.193,(1.5273, 0.3957, 2.8724)
1.194,(1.5273, 0.3957, 2.8724)
1.195,(1.5273, 0.3957, 2.8724)
1.196,(1.5273, 0.3957, 2.8724)
1.197,(1.5273, 0.3957, 2.8724)
1.198,(1.5273, 0.3957, 2.8724)
1.199,(1.5273, 0.3957, 2.8724)
1.2,(1.2983, 1.0047, 2.4418)
1.201,(1.2983, 1.0047, 2.4418)
1.202,(1.2983, 1.0047, 2.4418)
1.203,(1.2983, 1.0047, 2.4418)
1.204,(1.2983, 1.0047, 2.4418)
1.205,(1.2983, 1.0047, 2.4418)
1.206,(1.2983, 1.0047, 2.4418)
1.207,(1.2983, 1.0047, 2.4418)
1.208,(1.2983, 1.0047, 2.4418)
1.209,(1.2983, 1.0047, 2.4418)
1.21,(1.2983, 1.0047, 2.4418)
1.211,(1.2983, 1.0047, 2.4418)
1.212,(1.2983, 1.0047, 2.4418)
1.213,(1.2983, 1.0047, 2.4418)
1.214,(1.2983, 1.0047, 2.4418)
1.215,(1.2983, 1.0047, 2.4418)
1.216,(1.2983, 1.0047, 2.4418)
1.217,(1.2983, 1.0047, 2.4418)
1.218,(1.2983, 1.0047, 2.4418)
1.219,(1.2983, 1.0047, 2.4418)
1.22,(1.2983, 1.0047, 2.4418)
1.221,(1.2983, 1.0047, 2.4418)
1.222,(1.2983, 1.0047, 2.4418)
1.223,(1.5601, 0.2513, 2.9342)
1.224,(1.5601, 0.2513, 2.9342)
1.225,(1.5601, 0.2513, 2.9342)
1.226,(1.5601, 0.2513, 2.9342)
1.227,(1.5601, 0.2513, 2.9342)
1.228,(1.5601, 0.2513, 2.9342)
1.229,(1.5601, 0.2513, 2.9342)
1.23,(1.5601, 0.2513, 2.9342)
1.231,(1.5601, 0.2513, 2.9342)
1.232,(1.5601, 0.2513, 2.9342)
1.233,(1.5601, 0.2513, 2.9342)
1.234,(1.5601, 0.2513, 2.9342)
1.235,(1.5601, 0.2513, 2.9342)
1.236,(1.5601, 0.2513, 2.9342)
1.237,(1.5601, 0.2513, 2.9342)
1.238,(1.5601, 0.2513, 2.9342)
1.239,(1.5601, 0.2513, 2.9342)
1.24,(1.5601, 0.2513, 2.9342)
1.241,(1.5601, 0.2513, 2.9342)
1.242,(1.5601, 0.2513, 2.9342)
1.243,(1.5601, 0.2513, 2.9342)
1.244,(1.5601, 0.2513, 2.9342)
1.245,(1.5601, 0.2513, 2.9342)
1.246,(1.5601, 0.2513, 2.9342)
1.247,(1.5601, 0.2513, 2.9342)
1.248,(1.5601, 0.2513, 2.9342)
1.249,(1.5601, 0.2513, 2.9342)
1.25,(1.5601, 0.2513, 2.9342)
1.251,(1.5601, 0.2513, 2.9342)
1.252,(1.5601, 0.2513, 2.9342)
1.253,(1.5601, 0.2513, 2.9342)
1.254,(1.5601, 0.2513, 2.9342)
1.255,(1.2657, 0.8032, 2.3804)
1.256,(1.2657, 0.8032, 2.3804)
1.257,(1.2657, 0.8032, 2.3804)
1.258,(1.2657, 0.8032, 2.3804)
1.259,(1.2657, 0.8032, 2.3804)
1.26,(1.2657, 0.8032, 2.3804)
1.261,(1.2657, 0.8032, 2.3804)
1.262,(1.2657, 0.8032, 2.3804)
1.263,(1.2657, 0.8032, 2.3804)
1.264,(1.2657, 0.8032, 2.3804)
1.265,(1.2657, 0.8032, 2.3804)
1.266,(1.2657, 0.8032, 2.3804)
1.267,(1.2657, 0.8032, 2.3804)
1.268,(1.2657, 0.8032, 2.3804)
1.269,(1.2657, 0.8032, 2.3804)
1.27,(1.2657, 0.8032, 2.3804)
1.271,(1.2657, 0.8032, 2.3804)
1.272,(1.2657, 0.8032, 2.3804)
1.273,(1.2657, 0.8032, 2.3804)
1.274,(1.2657, 0.8032, 2.3804)
1.275,(1.2657, 0.8032, 2.3804)
1.276,(1.2657, 0.8032, 2.3804)
1.277,(1.2657, 0.8032, 2.3804)
1.278,(1.2657, 0.8032, 2.3804)
1.279,(1.2657, 0.8032, 2.3804)
1.28,(1.2657, 0.8032, 2.3804)
1.281,(1.2657, 0.8032, 2.3804)
1.282,(1.2657, 0.8032, 2.3804)
1.283,(1.2657, 0.8032, 2.3804)
1.284,(1.2657, 0.8032, 2.3804)
1.285,(1.2657, 0.8032, 2.3804)
1.286,(1.2657, 0.8032, 2.3804)
1.287,(1.2657, 0.8032, 2.3804)
1.288,(1.2657, 0.8032, 2.3804)
1.289,(1.2657, 0.8032, 2.3804)
1.29,(1.2657, 0.8032, 2.3804)
1.291,(1.2657, 0.8032, 2.3804)
1.292,(1.2657, 0.8032, 2.3804)
1.293,(1.2657, 0.8032, 2.3804)
1.294,(1.2657, 0.8032, 2.3804)
1.295,(1.2657, 0.8032, 2.3804)
1.296,(1.2657, 0.8032, 2.3804)
1.297,(1.2657, 0.8032, 2.3804)
1.298,(1.2657, 0.8032, 2.3804)
1.299,(1.2657, 0.8032, 2.3804)
1.3,(1.2657, 0.8032, 2.3804)
1.301,(1.2657, 0.8032, 2.3804)
1.302,(1.2657, 0.8032, 2.3804)
1.303,(1.2657, 0.8032, 2.3804)
1.304,(1.2657, 0.8032, 2.3804)
1.305,(1.2657, 0.8032, 2.3804)
1.306,(1.2657, 0.8032, 2.3804)
1.307,(1.2657, 0.8032, 2.3804)
1.308,(1.2657, 0.8032, 2.3804)
1.309,(1.2657, 0.8032, 2.3804)
1.31,(1.2657, 0.8032, 2.3804)
1.311,(1.2657, 0.8032, 2.3804)
1.312,(1.2657, 0.8032, 2.3804)
1.313,(1.2657, 0.8032, 2.3804)
1.314,(1.2657, 0.8032, 2.3804)
1.315,(1.2657, 0.8032, 2.3804)
1.316,(1.2657, 0.8032, 2.3804)
1.317,(1.2657, 0.8032, 2.3804)
1.318,(1.2657, 0.8032, 2.3804)
1.319,(1.2657, 0.8032, 2.3804)
1.32,(1.2657, 0.8032, 2.3804)
1.321,(1.2657, 0.8032, 2.3804)
1.322,(1.2657, 0.8032, 2.3804)
1.323,(1.2657, 0.8032, 2.3804)
1.324,(1.2657, 0.8032, 2.3804)
1.325,(1.2657, 0.8032, 2.3804)
1.326,(1.2657, 0.8032, 2.3804)
1.327,(1.2657, 0.8032, 2.3804)
1.328,(1.2657, 0.8032, 2.3804)
1.329,(1.2657, 0.8032, 2.3804)
1.33,(1.2657, 0.8032, 2.3804)
1.331,(1.2657, 0.8032, 2.3804)
1.332,(1.2657, 0.8032, 2.3804)
1.333,(1.2657, 0.8032, 2.3804)
1.334,(1.2657, 0.8032, 2.3804)
1.335,(1.2657, 0.8032, 2.3804)
1.336,(1.2657, 0.8032, 2.3804)
1.337,(1.2657, 0.8032, 2.3804)
1.338,(1.2657, 0.8032, 2.3804)
1.339,(1.2657, 0.8032, 2.3804)
1.34,(1.2657, 0.8032, 2.3804)
1.341,(1.2657, 0.8032, 2.3804)
1.342,(1.2657, 0.8032, 2.3804)
1.343,(1.2657, 0.8032, 2.3804)
1.344,(1.2657, 0.8032, 2.3804)
1.345,(1.2657, 0.8032, 2.3804)
1.346,(1.2657, 0.8032, 2.3804)
1.347,(1.2657, 0.8032, 2.3804)
1.348,(1.2657, 0.8032, 2.3804)
1.349,(1.2657, 0.8032, 2.3804)
1.35,(1.2657, 0.8032, 2.3804)
1.351,(1.2657, 0.8032, 2.3804)
1.352,(1.2657, 0.8032, 2.3804)
1.353,(1.2657, 0.8032, 2.3804)
1.354,(1.2657, 0.8032, 2.3804)
1.355,(1.2657, 0.8032, 2.3804)
1.356,(1.2657, 0.8032, 2.3804)
1.357,(1.2657, 0.8032, 2.3804)
1.358,(1.2657, 0.8032, 2.3804)
1.359,(1.2657, 0.8032, 2.3804)
1.36,(1.2657, 0.8032, 2.3804)
1.361,(1.2657, 0.8032, 2.3804)
1.362,(1.2657, 0.8032, 2.3804)
1.363,(1.2657, 0.8032, 2.3804)
1.364,(1.2657, 0.8032, 2.3804)
1.365,(1.2657, 0.8032, 2.3804)
1.366,(1.2657, 0.8032, 2.3804)
1.367,(1.2657, 0.8032, 2.3804)
1.368,(1.2657, 0.8032, 2.3804)
1.369,(1.2657, 0.8032, 2.3804)
1.37,(1.2657, 0.8032, 2.3804)
1.371,(1.2657, 0.8032, 2.3804)
1.372,(1.2657, 0.8032, 2.3804)
1.373,(1.2657, 0.8032, 2.3804)
1.374,(1.2657, 0.8032, 2.3804)
1.375,(1.2657, 0.8032, 2.3804)
1.376,(1.2657, 0.8032, 2.3804)
1.377,(1.2657, 0.8032, 2.3804)
1.378,(1.2657, 0.8032, 2.3804)
1.379,(1.2657, 0.8032, 2.3804)
1.38,(1.2657, 0.8032, 2.3804)
1.381,(1.2657, 0.8032, 2.3804)
1.382,(1.2657, 0.8032, 2.3804)
1.383,(1.2657, 0.8032, 2.3804)
1.384,(1.2657, 0.8032, 2.3804)
1.385,(1.2657, 0.8032, 2.3804)
1.386,(1.2657, 0.8032, 2.3804)
1.387,(1.2657, 0.8032, 2.3804)
1.388,(1.2657, 0.8032, 2.3804)
1.389,(1.5601, 0.2513, 2.9342)
1.39,(1.5601, 0.2513, 2.9342)
1.391,(1.5601, 0.2513, 2.9342)
1.392,(1.5601, 0.2513, 2.9342)
1.393,(1.5601, 0.2513, 2.9342)
1.394,(1.5601, 0.2513, 2.9342)
1.395,(1.5601, 0.2513, 2.9342)
1.396,(1.5601, 0.2513, 2.9342)
1.397,(1.5601, 0.2513, 2.9342)
1.398,(1.5601, 0.2513, 2.9342)
1.399,(1.5601, 0.2513, 2.9342)
1.4,(1.5601, 0.2513, 2.9342)
1.401,(1.5601, 0.2513, 2.9342)
1.402,(1.5601, 0.2513, 2.9342)
1.403,(1.5601, 0.2513, 2.9342)
1.404,(1.5601, 0.2513, 2.9342)
1.405,(1.5601, 0.2513, 2.9342)
1.406,(1.5601, 0.2513, 2.9342)
1.407,(1.5601, 0.2513, 2.9342)
1.408,(1.5601, 0.2513, 2.9342)
1.409,(1.5601, 0.2513, 2.9342)
1.41,(1.5601, 0.2513, 2.9342)
1.411,(1.5601, 0.2513, 2.9342)
1.412,(1.5601, 0.2513, 2.9342)
1.413,(1.5601, 0.2513, 2.9342)
1.414,(1.5601, 0.2513, 2.9342)
1.415,(1.5601, 0.2513, 2.9342)
1.416,(1.5601, 0.2513, 2.9342)
1.417,(1.5601, 0.2513, 2.9342)
1.418,(1.5601, 0.2513, 2.9342)
1.419,(1.5601, 0.2513, 2.9342)
1.42,(1.2983, 1.0047, 2.4418)
1.421,(1.2983, 1.0047, 2.4418)
1.422,(1.2983, 1.0047, 2.4418)
1.423,(1.2983, 1.0047, 2.4418)
1.424,(1.2983, 1.0047, 2.4418)
1.425,(1.2983, 1.0047, 2.4418)
1.426,(1.2983, 1.0047, 2.4418)
1.427,(1.2983, 1.0047, 2.4418)
1.428,(1.2983, 1.0047, 2.4418)
1.429,(1.2983, 1.0047, 2.4418)
1.43,(1.2983, 1.0047, 2.4418)
1.431,(1.2983, 1.0047, 2.4418)
1.432,(1.2983, 1.0047, 2.4418)
1.433,(1.2983, 1.0047, 2.4418)
1.434,(1.2983, 1.0047, 2.4418)
1.435,(1.2983, 1.0047, 2.4418)
1.436,(1.2983, 1.0047, 2.4418)
1.437,(1.2983, 1.0047, 2.4418)
1.438,(1.2983, 1.0047, 2.4418)
1.439,(1.2983, 1.0047, 2.4418)
1.44,(1.2983, 1.0047, 2.4418)
1.441,(1.2983, 1.0047, 2.4418)
1.442,(1.2983, 1.0047, 2.4418)
1.443,(1.2983, 1.0047, 2.4418)
1.444,(1.2983, 1.0047, 2.4418)
1.445,(1.5273, 0.3957, 2.8724)
1.446,(1.5273, 0.3957, 2.8724)
1.447,(1.5273, 0.3957, 2.8724)
1.448,(1.5273, 0.3957, 2.8724)
1.449,(1.5273, 0.3957, 2.8724)
1.45,(1.5273, 0.3957, 2.8724)
1.451,(1.5273, 0.3957, 2.8724)
1.452,(1.5273, 0.3957, 2.8724)
1.453,(1.5273, 0.3957, 2.8724)
1.454,(1.5273, 0.3957, 2.8724)
1.455,(1.5273, 0.3957, 2.8724)
1.456,(1.5273, 0.3957, 2.8724)
1.457,(1.5273, 0.3957, 2.8724)
1.458,(1.5273, 0.3957, 2.8724)
1.459,(1.5273, 0.3957, 2.8724)
1.46,(1.5273, 0.3957, 2.8724)
1.461,(1.5273, 0.3957, 2.8724)
1.462,(1.5273, 0.3957, 2.8724)
1.463,(1.5273, 0.3957, 2.8724)
1.464,(1.4962, 0.5423, 2.8139)
1.465,(1.4962, 0.5423, 2.8139)
1.466,(1.4962, 0.5423, 2.8139)
1.467,(1.4962, 0.5423, 2.8139)
1.468,(1.4962, 0.5423, 2.8139)
1.469,(1.4962, 0.5423, 2.8139)
1.47,(1.4962, 0.5423, 2.8139)
1.471,(1.4962, 0.5423, 2.8139)
1.472,(1.4962, 0.5423, 2.8139)
1.473,(1.4962, 0.5423, 2.8139)
1.474,(1.4962, 0.5423, 2.8139)
1.475,(1.4962, 0.5423, 2.8139)
1.476,(1.4962, 0.5423, 2.8139)
1.477,(1.4962, 0.5423, 2.8139)
1.478,(1.4962, 0.5423, 2.8139)
1.479,(1.4962, 0.5423, 2.8139)
1.48,(1.4962, 0.5423, 2.8139)
1.481,(1.4962, 0.5423, 2.8139)
1.482,(1.4962, 0.5423, 2.8139)
1.483,(1.5064, 0.4499, 2.8331)
1.484,(1.5064, 0.4499, 2.8331)
1.485,(1.5064, 0.4499, 2.8331)
1.486,(1.5064, 0.4499, 2.8331)
1.487,(1.5064, 0.4499, 2.8331)
1.488,(1.5064, 0.4499, 2.8331)
1.489,(1.5064, 0.4499, 2.8331)
1.49,(1.5064, 0.4499, 2.8331)
1.491,(1.5064, 0.4499, 2.8331)
1.492,(1.5064, 0.4499, 2.8331)
1.493,(1.5064, 0.4499, 2.8331)
1.494,(1.5064, 0.4499, 2.8331)
1.495,(1.5064, 0.4499, 2.8331)
1.496,(1.5064, 0.4499, 2.8331)
1.497,(1.5064, 0.4499, 2.8331)
1.498,(1.5064, 0.4499, 2.8331)
1.499,(1.5064, 0.4499, 2.8331)
1.5,(1.3766, 0.6600, 2.5890)
1.501,(1.3766, 0.6600, 2.5890)
1.502,(1.3766, 0.6600, 2.5890)
1.503,(1.3766, 0.6600, 2.5890)
1.504,(1.3766, 0.6600, 2.5890)
1.505,(1.3766, 0.6600, 2.5890)
1.506,(1.3766, 0.6600, 2.5890)
1.507,(1.3766, 0.6600, 2.5890)
1.508,(1.3766, 0.6600, 2.5890)
1.509,(1.3766, 0.6600, 2.5890)
1.51,(1.3766, 0.6600, 2.5890)
1.511,(1.3766, 0.6600, 2.5890)
1.512,(1.3766, 0.6600, 2.5890)
1.513,(1.3766, 0.6600, 2.5890)
1.514,(1.3766, 0.6600, 2.5890)
1.515,(1.3766, 0.6600, 2.5890)
1.516,(1.5798, 0.3977, 2.9712)
1.517,(1.5798, 0.3977, 2.9712)
1.518,(1.5798, 0.3977, 2.9712)
1.519,(1.5798, 0.3977, 2.9712)
1.52,(1.5798, 0.3977, 2.9712)
1.521,(1.5798, 0.3977, 2.9712)
1.522,(1.5798, 0.3977, 2.9712)
1.523,(1.5798, 0.3977, 2.9712)
1.524,(1.5798, 0.3977, 2.9712)
1.525,(1.5798, 0.3977, 2.9712)
1.526,(1.5798, 0.3977, 2.9712)
1.527,(1.5798, 0.3977, 2.9712)
1.528,(1.5798, 0.3977, 2.9712)
1.529,(1.5798, 0.3977, 2.9712)
1.53,(1.5798, 0.3977, 2.9712)
1.531,(1.5746, -0.2278, 2.9614)
1.532,(1.5746, -0.2278, 2.9614)
1.533,(1.5746, -0.2278, 2.9614)
1.534,(1.5746, -0.2278, 2.9614)
1.535,(1.5746, -0.2278, 2.9614)
1.536,(1.5746, -0.2278, 2.9614)
1.537,(1.5746, -0.2278, 2.9614)